url,source
https://www.seloger.com/252380419/detail.htm,SeLoger
https://www.seloger.com/248198391/detail.htm,SeLoger
https://www.seloger.com/251381183/detail.htm,SeLoger
https://www.seloger.com/249856057/detail.htm,SeLoger
https://www.seloger.com/251638813/detail.htm,SeLoger
https://www.seloger.com/253767569/detail.htm,SeLoger
https://www.seloger.com/254066163/detail.htm,SeLoger
https://www.seloger.com/247664589/detail.htm,SeLoger
https://www.seloger.com/251694453/detail.htm,SeLoger
https://www.seloger.com/254210275/detail.htm,SeLoger
https://www.seloger.com/253290543/detail.htm,SeLoger
https://www.seloger.com/248724347/detail.htm,SeLoger
https://www.seloger.com/253767815/detail.htm,SeLoger
https://www.seloger.com/237164807/detail.htm,SeLoger
https://www.seloger.com/251354697/detail.htm,SeLoger
https://www.seloger.com/241766641/detail.htm,SeLoger
https://www.seloger.com/241969921/detail.htm,SeLoger
https://www.seloger.com/247960561/detail.htm,SeLoger
https://www.seloger.com/250952339/detail.htm,SeLoger
https://www.seloger.com/224938779/detail.htm,SeLoger
https://www.seloger.com/224450709/detail.htm,SeLoger
https://www.seloger.com/253537955/detail.htm,SeLoger
https://www.seloger.com/253806155/detail.htm,SeLoger
https://www.seloger.com/252761453/detail.htm,SeLoger
https://www.seloger.com/253870797/detail.htm,SeLoger
https://www.seloger.com/253837343/detail.htm,SeLoger
https://www.seloger.com/254340435/detail.htm,SeLoger
https://www.seloger.com/254294119/detail.htm,SeLoger
https://www.seloger.com/254332967/detail.htm,SeLoger
https://www.seloger.com/254230591/detail.htm,SeLoger
https://www.seloger.com/254313429/detail.htm,SeLoger
https://www.seloger.com/253290007/detail.htm,SeLoger
https://www.seloger.com/254403625/detail.htm,SeLoger
https://www.seloger.com/254314111/detail.htm,SeLoger
https://www.seloger.com/253683557/detail.htm,SeLoger
https://www.seloger.com/254397317/detail.htm,SeLoger
https://www.seloger.com/252556015/detail.htm,SeLoger
https://www.seloger.com/254122823/detail.htm,SeLoger
https://www.seloger.com/253879537/detail.htm,SeLoger
https://www.seloger.com/252578787/detail.htm,SeLoger
https://www.seloger.com/254397707/detail.htm,SeLoger
https://www.seloger.com/252118471/detail.htm,SeLoger
https://www.seloger.com/254302089/detail.htm,SeLoger
https://www.seloger.com/253543307/detail.htm,SeLoger
https://www.seloger.com/254186925/detail.htm,SeLoger
https://www.seloger.com/254403637/detail.htm,SeLoger
https://www.seloger.com/254356613/detail.htm,SeLoger
https://www.seloger.com/254492479/detail.htm,SeLoger
https://www.seloger.com/251528743/detail.htm,SeLoger
https://www.seloger.com/250311809/detail.htm,SeLoger
https://www.seloger.com/250346613/detail.htm,SeLoger
https://www.seloger.com/246704165/detail.htm,SeLoger
https://www.seloger.com/236814723/detail.htm,SeLoger
https://www.seloger.com/233265785/detail.htm,SeLoger
https://www.seloger.com/246430765/detail.htm,SeLoger
https://www.seloger.com/252316399/detail.htm,SeLoger
https://www.seloger.com/249017431/detail.htm,SeLoger
https://www.seloger.com/251346403/detail.htm,SeLoger
https://www.seloger.com/248806511/detail.htm,SeLoger
https://www.seloger.com/243961707/detail.htm,SeLoger
https://www.seloger.com/254480401/detail.htm,SeLoger
https://www.seloger.com/251710235/detail.htm,SeLoger
https://www.seloger.com/245256433/detail.htm,SeLoger
https://www.seloger.com/253062197/detail.htm,SeLoger
https://www.seloger.com/254293287/detail.htm,SeLoger
https://www.seloger.com/254365053/detail.htm,SeLoger
https://www.seloger.com/254299141/detail.htm,SeLoger
https://www.seloger.com/237903755/detail.htm,SeLoger
https://www.seloger.com/250952469/detail.htm,SeLoger
https://www.seloger.com/212752771/detail.htm,SeLoger
https://www.seloger.com/253189761/detail.htm,SeLoger
https://www.seloger.com/250668227/detail.htm,SeLoger
https://www.seloger.com/244103479/detail.htm,SeLoger
https://www.seloger.com/254062279/detail.htm,SeLoger
https://www.seloger.com/253230569/detail.htm,SeLoger
https://www.seloger.com/254099955/detail.htm,SeLoger
https://www.seloger.com/253638297/detail.htm,SeLoger
https://www.seloger.com/254256133/detail.htm,SeLoger
https://www.seloger.com/253799031/detail.htm,SeLoger
https://www.seloger.com/235248319/detail.htm,SeLoger
https://www.seloger.com/243402943/detail.htm,SeLoger
https://www.seloger.com/253322387/detail.htm,SeLoger
https://www.seloger.com/253322383/detail.htm,SeLoger
https://www.seloger.com/253301761/detail.htm,SeLoger
https://www.seloger.com/253554111/detail.htm,SeLoger
https://www.seloger.com/252538081/detail.htm,SeLoger
https://www.seloger.com/254313717/detail.htm,SeLoger
https://www.seloger.com/253999775/detail.htm,SeLoger
https://www.seloger.com/253475239/detail.htm,SeLoger
https://www.seloger.com/253121801/detail.htm,SeLoger
https://www.seloger.com/254403641/detail.htm,SeLoger
https://www.seloger.com/245762421/detail.htm,SeLoger
https://www.seloger.com/246616475/detail.htm,SeLoger
https://www.seloger.com/248833343/detail.htm,SeLoger
https://www.seloger.com/252646369/detail.htm,SeLoger
https://www.seloger.com/253754107/detail.htm,SeLoger
